,precision,recall,f1-score,support
0.0,0.7252747252747253,0.825,0.7719298245614036,80.0
1.0,0.8082191780821918,0.7023809523809523,0.751592356687898,84.0
accuracy,0.7621951219512195,0.7621951219512195,0.7621951219512195,0.7621951219512195
macro avg,0.7667469516784585,0.7636904761904761,0.7617610906246508,164.0
weighted avg,0.7677584693956228,0.7621951219512195,0.7615130727237545,164.0
