,precision,recall,f1-score,support
0.0,0.8243243243243243,0.7349397590361446,0.7770700636942676,83.0
1.0,0.7555555555555555,0.8395061728395061,0.7953216374269005,81.0
accuracy,0.7865853658536586,0.7865853658536586,0.7865853658536586,0.7865853658536586
macro avg,0.7899399399399399,0.7872229659378254,0.786195850560584,164.0
weighted avg,0.7903592617007251,0.7865853658536586,0.7860845604768486,164.0
